"feature_group","total_gain","mean_gain","n_features"
"Patient Clinical",0.404846345718094,0.00861375203655518,47
"Therapist/Org",0.240432774453493,0.0046237072010287,52
"Propensity Score",0.192860066579106,0.0275514380827294,7
"Treatment Context",0.139124344299696,0.069562172149848,2
"Therapy Received",0.0136097124503512,0.00272194249007024,5
"Other",0.00912675649926088,0.00182535129985218,5
