"metric","value"
"AUC_train",0.791965798956286
"AUC_test",0.689173060528559
"Sensitivity",0.739130434782609
"Specificity",0.56078431372549
"PPV",0.861557478368356
"NPV",0.367609254498715
