"Therapy","Baseline_Rate","N_Positive","N_Total","Patient_AUC","Therapist_AUC","Combined_AUC","DeLong_Z","DeLong_p","Brier_Patient","Brier_Therapist","Brier_Combined","Delta_AUC_T_vs_P","Delta_AUC_C_vs_P","Delta_AUC_C_vs_T"
"ACT",0.0826377295492488,99,1198,0.599452210917179,0.721767263168537,0.724019080706979,3.17320477965509,0.00150766143770966,0.236825391186303,0.157148182980265,0.202961644739706,0.122315052251359,0.1245668697898,0.00225181753844139
"CBT",0.381469115191987,457,1198,0.523070426444837,0.74496880140091,0.739567737725056,9.95848681416221,2.31560195575647e-23,0.249402396532765,0.210154911540133,0.211453315047205,0.221898374956072,0.216497311280219,-0.00540106367585325
"DBT",0.17195325542571,206,1198,0.555986728781712,0.731512292514876,0.740653382398996,5.8079520471563,6.3241622414683e-09,0.251983505627173,0.188052916275029,0.186066715293215,0.175525563733165,0.184666653617284,0.00914108988411966
"MI",0.636060100166945,762,1198,0.515690842543765,0.737903031616461,0.750803655277036,9.86124957680826,6.12819198655353e-23,0.249108411312115,0.205154822281492,0.194112124090446,0.222212189072696,0.235112812733271,0.0129006236605749
"Mindfulness",0.174457429048414,209,1198,0.549107164454938,0.699769231885671,0.696581051857514,5.69403396024123,1.24072389135923e-08,0.247224054539879,0.207463874393736,0.208826050464759,0.150662067430733,0.147473887402576,-0.00318818002815635
"Stages of Change",0.269616026711185,323,1198,0.495285272003538,0.744714727996462,0.741215391419726,10.3805789012938,3.03926595410059e-25,0.252837696330793,0.216561485462235,0.213674537916503,0.249429455992924,0.245930119416188,-0.00349933657673585
"Family Systems",0.174457429048414,209,1198,0.591821036182695,0.72315808825308,0.724278063483003,5.0274804548523,4.96966120694607e-07,0.240551703152875,0.198180619197193,0.203349968441428,0.131337052070385,0.132457027300308,0.00111997522992302
